0,1,2,3,4,5,6,7,8,9,10,11,12,13,14,15,16,17,18,19,20,21,22,23,24,25,26,27,28,29,30,31,32,33,34,35,36,37,38,39,40,41,42,43,44,45,46,47,48,49,50,51,52,53,54,55,56,57,58,59,60,61,62,63,64,65,66,67,68,69,70,71,72,73,74,75,76
1,200.3871329,279.1515144,204.3826967,137.3861588,184.6272987,95.42765898,94.1658814,177.3696626,182.6692334,181.9979748,75.97337295,196.4419388,225.1995046,179.4884333,233.1250561,166.2745594,76.75399347,157.1234908,168.8819329,134.8855476,132.1434551,201.5914951,176.3122445,222.1758492,134.6630453,150.8695208,156.0408603,299.8177157,347.7868936,256.8929221,193.9879602,125.2712128,199.1101959,180.9727635,157.9430295,164.2236958,179.486777,165.1306285,196.7949998,168.7723814,266.1875347,190.4497802,188.1043354,205.799452,260.2877095,167.3623741,190.771427,202.8669218,145.5992793,196.464408,194.8768509,186.3680251,178.8413193,90.62810068,187.0954896,162.2751964,206.7344945,856.2421181,249.9563164,178.1599915,195.982068,155.4512591,169.9855906,170.6020756,272.4952371,225.3609582,221.7148946,132.9200527,174.9342857,96.67683603,98.63172885,160.6932785,171.6678983,96.04897698,98.3526088,244.7850539
2,211.7830027,291.4542014,211.1735353,194.6722168,215.2370242,46.31819923,40.81118708,277.4244333,280.4319636,285.6858202,87.69907066,272.6658896,230.0550874,211.2440775,244.5120692,131.2916988,50.27167546,165.0935695,160.4019698,150.1882471,153.1550741,191.4827827,172.9497161,208.0406459,176.0032222,161.1564113,129.7061052,236.3294146,241.4463502,338.6242904,187.8749277,274.9421786,288.3929187,203.7934694,162.7812374,191.8432275,196.1667078,171.809379,204.1573311,176.9963166,181.3821568,171.0064137,204.6979996,205.590398,204.0238438,199.5841088,208.1331292,196.1265969,299.5680401,182.8890866,179.4436728,206.3245674,160.5425911,53.96748952,257.6852857,129.2659832,226.6867457,209.5592508,224.5979055,170.4521487,167.0127241,170.6468626,190.0152537,178.1514624,279.0274888,199.7775212,228.2557252,127.3638539,251.2653037,38.2894008,41.35363959,149.6361417,338.0671098,35.6830882,36.42101132,250.2854316
3,46.24801853,80.4549423,36.11126682,25.40198694,30.31968515,-18.23442624,-19.28480332,84.88255951,53.43839035,77.69913958,16.80771558,69.67563967,65.06075868,28.69418205,58.33706254,35.56650853,-7.043359188,11.0923167,43.02110657,15.75100101,8.505356639,-7.633380314,7.734727683,63.46902509,32.29290509,37.99187505,24.61834074,85.52586526,106.4368319,82.28353143,56.80332098,52.17982718,79.88667116,36.91999856,44.29442006,27.65004967,32.60964913,28.34462058,75.92792655,32.60042885,53.9926741,36.09111529,48.62458039,35.92909492,43.57693341,30.40078187,15.76360336,39.79012792,79.31355754,50.71682407,59.09332657,38.40178329,47.10548539,-10.71770482,100.6069795,29.14458886,-16.64930171,50.73545567,78.71524131,39.53642086,18.90727182,27.98811355,38.8049584,44.20350512,69.92114196,51.89734832,56.42894761,15.91766548,72.78436821,-6.076860695,-18.94601752,21.26611772,46.00357527,-6.774221716,-14.87416261,64.48941192
4,812.0499323,489.8870911,793.2648053,169.7952531,766.1574517,39.25254941,43.83007512,667.872378,548.0687548,686.4810171,155.9533961,620.7658746,571.9413525,218.2355904,658.9364544,819.6783927,49.88241605,96.92211052,156.6839246,162.0701706,190.3009082,120.0692826,156.8021797,397.8806626,151.0841753,145.300853,182.2995091,764.1297983,763.5719548,567.79533,806.5105776,608.5977275,665.6013643,222.4127513,759.1354445,794.1701362,208.2774562,173.385426,500.7539141,780.2035472,578.365607,779.6191184,501.9396953,269.8233672,210.3479144,230.358692,204.0140209,790.3865378,470.8368321,810.4420716,786.2797024,584.2196435,806.9973497,48.14433145,638.9677898,177.8409044,576.1594263,653.2743761,219.849237,219.2619841,448.8986733,168.5028621,528.5962741,649.985247,659.0699378,796.767452,640.9400563,119.8157907,645.532825,37.95192059,42.68051604,807.0882213,560.0676467,33.33270825,33.578798,633.5606291
5,103.5421821,108.5873712,69.24917078,31.6340482,50.03112265,-33.11589197,-19.29413275,140.2104618,155.7096182,686.4810171,30.46292593,117.2074715,136.7678751,51.44030435,126.0574336,819.6783927,-33.21145935,1.806889702,53.84080572,62.68386838,42.11753442,26.36156305,63.11700064,167.3032712,39.23190205,41.07944868,-41.33158034,142.0002549,276.6831868,182.3124119,88.37655667,148.0704576,178.6158985,63.47385242,30.35499203,19.24090292,91.09281596,28.4077697,93.73138744,83.9173128,133.3731841,68.88074033,118.1366015,90.44928764,66.07732818,24.10671807,83.08640334,62.33374734,85.18008182,87.52218929,41.00177852,49.97664974,42.37743585,-14.52022212,154.8211162,36.16741109,110.1437864,653.2743761,96.48315953,84.733699,52.13470173,21.97931828,63.00018131,45.48012028,71.25103268,101.0268229,117.2734991,41.79346197,102.5090878,-25.84629891,-16.80470112,58.97810315,60.90735628,-14.90516184,-24.89798548,602.1737836
6,789.3775071,694.5329612,842.1667103,456.8038309,865.2978876,563.839705,118.1454524,787.7631566,675.1559647,727.6744389,412.4025832,622.495604,738.7122835,288.9533387,891.2766558,855.3644996,101.538341,340.4250609,858.4261682,308.1729608,907.6996938,366.0190116,515.7359664,877.5986306,544.9092025,807.5472078,853.2270153,843.8176676,905.8436002,818.5313686,770.0553907,742.6475069,869.1387762,299.1324294,750.9623945,857.0791734,867.2810045,832.0303845,679.2440763,868.9495665,961.5094691,775.4872547,869.1275731,871.8659845,873.5147807,579.6872453,322.2480631,888.6778716,306.2948737,937.3674306,938.0600683,901.4862111,845.474139,122.362691,760.8471838,854.7257606,697.0525114,835.6788803,871.9758678,561.9703005,491.0333919,867.768844,898.2589633,858.4030534,884.0602318,936.8468014,889.0859267,301.7799493,249.3951573,120.3984065,99.64642219,885.0152926,737.1009188,111.1230857,125.8809509,335.4707394
7,119.229728,187.1906497,129.1974676,59.59047858,95.14234355,18.15674901,17.22850489,180.5153729,193.3233961,162.3449966,53.04301193,174.176676,31.30843265,139.5008978,141.6434326,104.544536,18.29586283,102.3860872,129.3266717,119.8495412,79.7575294,120.2774085,69.00462412,162.0508369,101.2342307,110.8499234,110.8833348,102.9651118,186.5282475,162.7876395,132.0290503,183.3161239,154.6678026,139.8581809,112.9268275,79.34662624,134.5113385,88.18205419,173.5911421,108.9038628,127.8270705,104.5605026,112.9697452,133.4017435,166.3554624,111.5641958,140.1420887,124.5168259,175.3027695,149.223353,118.128302,122.1193006,94.2892124,26.86915009,163.3565669,84.00032636,108.8946244,139.3536386,145.8633102,118.1966509,59.31538628,93.5841382,119.685604,127.4791817,120.3718425,133.9094892,163.6023586,95.47439197,122.2299925,20.3644228,19.3349208,92.73218372,144.1282528,19.94677853,12.88013793,179.5397865
8,141.2442174,188.1938088,150.4318569,114.6809434,135.4667459,17.93943216,24.2606955,199.3057655,188.7407487,183.0141612,52.85051542,166.3658163,35.36710697,150.8986432,181.2390732,80.56964765,31.28855167,92.93009103,122.9935545,115.1537152,99.75113708,109.8905766,112.3750553,155.487778,106.8634984,107.7006061,117.5397635,202.2830119,262.2055303,228.067444,106.7856408,167.5048619,156.3069951,178.445757,97.47084934,107.9904724,155.7024387,123.090961,172.7294913,115.539586,162.3677946,114.3903949,138.8290381,145.9882318,146.4264059,151.9804439,176.6627515,133.9255526,242.8325219,125.541468,146.2353215,121.450039,136.719847,33.53713769,167.8724976,126.5556299,52.20189401,155.2150049,178.0184938,112.5740761,139.4841012,107.4984829,127.3388689,117.438815,191.8525673,121.3521911,175.8441514,96.67605096,180.7023527,23.6420191,27.54966336,114.1807456,167.4612604,16.08850934,35.89355895,160.3098931
9,311.1774152,361.3009725,261.7477767,252.4439853,329.6064988,211.2281128,184.6242646,826.3018428,383.202605,326.0710363,246.6008703,861.2209647,297.5787275,875.2995016,322.7222746,406.7487656,160.0751915,252.6686039,300.6089541,272.7717844,233.9640969,244.1909554,266.7171231,317.6202884,258.2795836,271.229273,319.0190901,308.2511906,315.484662,845.5107727,981.4179003,851.5108815,869.1387762,871.8338642,214.022195,254.8752009,267.8089049,266.3858714,312.4141801,272.2451955,318.2521456,269.4388332,305.3858592,251.817022,275.4353023,250.4469873,872.9150521,954.3355977,754.792958,937.3674306,945.8009328,962.9939214,258.6404105,193.676459,313.9264043,251.8281003,299.233051,289.7614234,333.030859,231.7509017,938.7809489,277.2318205,287.7539856,916.1763531,295.4713752,936.8468014,314.5119368,220.750992,337.8320909,213.9733298,201.5728298,952.4147409,850.6416107,202.187675,173.4695647,351.8055335
10,219.587769,326.8172199,224.2738984,168.146849,241.3887701,105.3156714,104.1249556,210.1654718,223.0833515,193.911683,87.38578723,226.5861753,255.8100393,187.5854888,267.2355745,154.4320461,93.4996881,168.6779377,202.3391565,178.8746023,162.2211416,203.6216194,198.2764735,228.6153936,167.1030676,189.3298187,183.2216852,339.1955728,404.4086124,301.1560647,183.8353916,195.557391,190.5501423,178.8220784,178.9504469,198.3123562,281.7302448,217.9213881,217.0768345,206.7768214,248.3392362,197.6956408,204.5571417,259.869967,271.9224638,233.8578235,220.9020827,215.5940012,199.4143884,189.6797595,216.8052347,197.5103317,198.7810861,102.0219587,202.4247829,181.9013635,205.5225345,238.7619483,255.7496761,190.4071801,201.0840956,213.7437866,227.1970943,210.9711899,276.4803929,220.0912681,237.4905021,151.5587834,198.0179332,105.2279922,104.8544256,164.4235825,186.9064083,99.95920883,108.5743922,232.9929427
11,89.21950639,141.5865157,118.4147601,79.19243768,84.76772031,22.81984916,32.39757873,114.4298889,101.8126271,102.3194146,35.49705712,103.2983409,23.77376338,102.7527115,135.0960644,56.71269838,38.87015879,78.45671854,98.19951291,100.4457555,73.13266359,94.09423857,87.14609778,211.2807388,63.1997388,80.1179226,85.64172904,130.6072252,161.6935994,165.3307803,72.37532336,92.27557827,99.77095681,103.1963773,56.79438438,56.38765131,106.6992434,79.87698454,115.0521774,79.19644044,118.0416432,88.98761667,77.75077439,115.4857947,124.4196628,98.5837905,111.7927167,114.3150977,157.3417463,106.5857957,103.1036558,104.4414041,95.35764536,39.48027123,115.7854604,77.30178732,1.509218108,94.40417844,117.4752178,102.3136437,104.0844599,85.51570694,92.51269184,151.4466417,142.1462121,105.1288869,130.1722377,59.99288107,128.9104879,29.71799232,33.28534839,81.87463608,119.5196592,18.39672199,36.34288927,92.7251937
12,264.9888139,419.3973485,225.8714055,228.4009134,276.9957147,97.50864645,79.11743116,326.5310611,510.525641,274.992876,157.662637,256.0393989,114.6757663,239.9620814,241.3374046,197.3993163,81.16289697,187.9667181,161.9517979,246.1066721,198.0163449,184.3559018,198.0346807,277.4618354,224.4239015,184.2332536,154.0651279,279.184305,304.914549,322.2073888,237.0640072,280.2538814,276.9021584,243.7768292,165.8745847,194.192164,169.1096423,197.0325748,216.8125911,211.7834874,246.2721512,275.9872762,231.8020612,190.1653154,289.9521131,215.5765467,265.3206198,236.0087464,272.3777066,215.1144187,198.8583171,223.7096199,237.2615697,85.14027489,417.9720932,243.4549509,229.4279835,308.8970162,280.5390783,194.9436315,158.4191952,199.5436872,214.057348,214.5446123,280.8151488,235.178802,292.2313862,179.4578177,315.0833366,83.14687334,76.50339155,175.0542838,262.993548,103.3263471,86.54877035,325.3090503
13,114.3470012,133.4591582,126.9859819,93.69175128,97.52521339,20.96671157,20.19823014,162.1019594,164.6336213,115.6604901,37.21974555,131.0179683,144.8586162,120.704701,131.8336275,57.18037735,16.19427738,102.3904677,102.2142871,100.7775948,76.30791837,104.1435917,104.5651605,104.2130056,74.13121159,76.07582664,77.54584656,128.3106529,165.9081624,163.5887379,104.788613,114.4891186,140.4128276,305.9453784,73.35208551,79.54290702,106.5294413,84.03481194,129.4475731,96.08940893,125.5522796,94.19755655,70.067731,127.2264519,146.9508578,98.20984493,134.4002723,106.8671099,170.5565558,109.1266883,109.7372764,110.1938156,91.18407543,16.43209605,132.2325699,100.9693201,35.35125863,119.8543608,131.1637435,100.6284426,100.1447768,79.17738207,91.51734901,79.47090614,132.4389272,124.1394888,141.7107502,95.94938986,133.6044974,16.37760124,19.19225912,90.38250728,138.680033,10.9742063,17.39445738,127.5779178
14,747.3272251,498.1665136,777.7122099,574.322379,699.917687,226.6575484,45.59589292,636.9999211,531.0563492,633.7671161,646.1094833,633.2786631,34.57286316,133.2834558,654.2877333,745.7261129,39.50142964,101.835938,671.2540102,83.28377213,776.1706037,78.120811,151.9940164,644.3082335,110.7447981,202.1764311,600.4029356,720.0155016,720.028528,612.7853916,748.1261303,643.2519975,690.444238,141.991584,655.2975358,738.9614574,643.6403045,730.7059274,499.3909567,742.2916125,739.5806744,717.4962492,720.4037158,632.7804505,717.5966762,646.296298,124.0715683,741.8837442,258.8840032,741.1644119,706.7884599,726.5170031,725.1746381,34.53502177,624.5923444,725.3020248,584.4205036,635.9681164,634.2819208,459.5801425,731.1910139,704.4816092,751.3404633,691.9518699,633.5142206,744.5358215,629.0011832,118.2198623,583.6563237,28.97966547,40.73367361,717.843012,619.5437821,49.19262687,60.21067064,204.9833507
15,850.0712275,267.3871695,188.6251599,146.3242912,199.0250995,248.9318967,66.04294544,734.9179335,261.098549,224.1154408,81.30432151,773.2460574,39.54148692,199.2600088,192.4822693,824.9368463,48.25058734,165.0159801,195.7388614,142.3344037,142.3449126,151.5304192,180.1238787,251.0363768,157.8259598,123.1346322,105.5823602,263.6170029,771.8835023,262.5065231,188.6696778,728.766093,211.3334801,178.451009,160.9239807,308.1674614,164.4594924,156.3571765,203.3232482,554.6350827,195.5905322,789.2819242,168.6091376,150.8058113,208.0119748,174.4682602,174.5309303,169.2375361,284.0255488,161.5532316,174.306072,168.8162509,192.2605646,62.23184215,195.400981,156.5588079,227.9635733,733.5259938,203.7615726,193.4400995,155.9893183,165.3215999,841.1399825,162.9581138,221.839128,181.9755507,207.5986255,149.1465307,208.2965939,51.23471003,146.7654377,159.0567749,207.1357232,58.9145883,55.05502713,245.4483377
16,106.5974527,137.4406795,102.2453928,85.20067393,114.6025537,11.35359941,18.51604612,119.4503946,134.1590784,112.5918291,55.25287487,108.8443848,38.49888444,87.7118909,115.6862129,64.27456444,34.63203781,80.71663966,79.19400793,77.69835595,78.79630249,71.23949533,74.15652502,118.5355936,106.3866525,85.41272055,67.36291758,93.5241922,116.3472827,144.3153922,97.17783992,110.9527834,124.3655007,90.95628133,64.31835722,91.4013404,88.35894829,80.10932737,97.2814604,89.27182543,91.80404689,93.03628182,86.83313248,78.82846023,83.00470519,78.95269396,96.16840394,87.30950514,136.6685228,91.66686162,94.11738024,90.94559585,97.62079038,27.64625845,124.4317884,89.70790924,100.3834536,93.17000601,91.15623962,100.4133955,83.76483878,76.70596516,87.99660947,79.05098527,124.5762412,93.85142689,120.6973893,37.26070346,142.7661126,26.24346165,20.11215515,82.79691942,124.4335486,32.05687914,18.14220237,126.9443451
17,166.0515004,210.0893864,253.7984591,103.6615669,168.0387949,234.3206028,28.45442963,214.8639247,244.4722877,168.3162836,78.38147474,163.4953597,25.71662152,113.4783608,180.5558053,109.3911062,15.03723053,86.4375434,120.9756502,80.06000804,115.3644351,79.18767553,113.3308385,216.1677504,96.48826455,87.92098525,74.99464712,198.9102665,255.1743686,273.27617,146.4526756,145.4540694,183.4137543,115.1069547,110.5495166,116.5840638,136.480434,122.173649,169.7465587,140.2065262,207.0636906,112.6372832,173.2704947,121.5148932,171.2921274,120.3707754,122.8051026,137.9893635,240.2771295,177.5659472,143.3327874,134.1027707,156.3140638,9.493616913,170.4770095,198.7532987,214.1650855,146.6700745,213.3416716,148.2000562,118.9658526,130.5815372,135.0863022,117.9030946,248.2195214,172.8307989,172.0374535,90.66371896,210.448905,12.54337385,26.27886787,105.7690749,170.1307902,24.21367676,28.63638827,177.4362471
18,175.0842249,186.4422196,164.4097506,146.4191123,232.2982654,210.5269436,33.67438136,201.8378014,203.6886782,231.7999177,70.29425053,188.8445622,602.5777547,160.778801,734.1847582,818.536349,36.99840485,117.0034599,144.5693068,127.3344845,119.9769439,124.7158508,142.6069733,173.6950091,561.1489613,131.3527082,110.7478147,178.2474772,210.6648039,242.583311,169.8232847,183.4800019,187.9746875,167.7927192,145.032352,156.7561076,136.7180836,129.2252772,524.9721005,132.9282393,144.1553965,157.3864007,154.5018029,129.3989984,176.3932327,141.8865353,164.7258675,134.7079462,226.757058,159.8021037,123.8097935,156.2592546,166.1100275,20.31644191,199.4595279,126.2492785,94.36456018,386.5544652,55.76677614,153.5271617,125.6085168,141.9964384,137.9743934,145.1010022,164.0594828,152.0353104,713.7065437,135.3983376,141.2930582,31.72795599,27.18711642,142.2963158,197.0307268,23.44183379,27.42162365,215.0736993
19,210.9048609,277.5169521,220.4701534,182.5100714,225.6382193,62.83476498,62.12541548,308.9350684,300.2147255,284.0085982,102.1365123,263.14971,247.2983881,208.3423508,252.295363,220.867343,53.27366083,184.7826368,196.1026812,171.9316535,163.4203317,212.1976567,176.1574743,242.9869682,207.6226052,202.255317,155.6297132,247.0329437,245.0474858,332.8085464,230.9971985,273.0554439,262.6087128,209.9403987,162.9296377,200.0868523,188.5096838,175.8120399,263.8290443,189.5082274,209.4174883,186.9935929,208.6306703,187.9643883,229.3559428,206.1405048,222.5682323,190.6510177,326.4894441,191.8717245,159.5755818,153.6253688,192.166731,56.44019816,258.7623007,157.5053416,226.0504825,349.0718222,197.6112654,192.5355361,167.2461322,167.9204881,187.1567562,175.4384008,273.2210017,240.7349144,234.9286123,135.2610778,244.8008997,55.18959445,62.6031123,167.3961256,275.2380395,54.37942158,52.98278922,279.5126176
20,107.4866319,187.7704443,147.4479144,71.38905277,155.1516416,196.3916521,21.52624198,179.9042839,208.2933228,156.4313958,69.52067039,136.4972636,16.47397772,98.15022318,294.6675141,390.0852013,2.367842191,67.00681186,80.08052141,46.69019565,70.66202132,57.96783572,99.67144491,180.1873987,110.1862214,100.5315234,57.02880228,201.1263168,243.6192709,225.9118259,119.9220813,137.6443428,157.7176005,120.3549319,93.59437362,97.45063013,113.2315328,84.27503567,499.3909567,127.7654711,144.9042934,99.45945782,139.4636043,83.30157981,140.6596987,105.918301,104.4338311,120.5301809,192.1006497,137.9068062,116.6421467,110.2580302,123.1700871,9.68137451,138.1802205,100.4876376,108.5970658,219.2767592,157.6527258,107.1022051,109.9441215,110.057851,130.6222973,119.451004,145.0260843,113.4014698,221.3662656,82.68092662,143.0977924,9.536436196,16.36247882,90.43315901,129.779298,15.90324975,19.91520719,154.60073
21,163.7440929,220.9395193,163.057992,145.7724109,168.2011622,217.5674905,48.24398062,233.3913511,205.7441703,203.6236441,84.19089097,179.4925902,30.97423708,163.5783561,168.9519247,123.9193733,39.84921932,147.6949471,183.5673304,111.0396031,135.8997243,104.9276965,166.4346777,222.3749708,169.2027082,151.5848083,109.7553309,209.616473,231.1002396,207.4789339,170.5078999,199.2223228,162.9323076,164.4897692,131.2460362,135.0025929,142.7621533,142.4522313,198.6886962,164.1826857,192.1960743,148.0511736,167.4764651,131.373431,152.8320699,164.3961635,154.1485066,148.2101095,254.4672802,159.4569391,131.078142,155.7067743,169.8892179,52.85684466,164.837869,154.9633463,142.9970392,139.1302591,171.9337387,153.1857189,132.8872287,149.1942875,158.8670412,119.51638,187.5807161,168.090381,177.00411,148.0574367,178.6459435,49.54809911,142.2175894,124.5772569,195.6879487,39.25898065,42.45980737,201.8518475
22,773.5579003,449.7006639,778.9638582,698.596933,779.089639,37.87353116,37.94311069,622.3843815,614.7834645,659.342678,584.0066562,614.9253873,40.74879053,588.614017,670.3356829,787.1199384,35.03375014,138.6439361,695.1430041,149.1933259,792.66132,184.4721087,178.4961429,651.1724374,199.9275685,157.6057706,661.7731979,759.6565005,745.7177521,558.2794635,797.796165,609.0205033,749.3184926,614.2406698,342.6123356,761.0085206,635.0965624,770.6994673,413.945667,756.6699005,765.417243,227.132511,749.2542627,635.5241147,727.4607329,638.8716359,632.8417655,763.6173999,502.2359574,780.5322754,732.9963282,774.1134499,777.0647458,46.90533677,630.3221878,738.7323863,589.5647752,642.2444088,676.8407744,216.1801051,753.4590548,777.0100925,780.8501108,719.4047722,637.7854544,760.7942487,688.9162921,140.9330297,617.5313148,33.48686312,37.69265543,752.1486795,604.7322575,25.31375467,22.16136857,662.7354741
23,204.6624485,245.5486436,483.43208,114.886927,155.7438007,18.69843484,22.31226865,237.5341704,270.3541631,158.3541129,48.22669133,230.2868623,28.61465818,156.2741691,218.2326619,73.4897943,16.0891527,99.25381883,146.6320259,118.0530205,136.797169,124.2958588,80.62182816,133.5264911,85.71127665,115.6940337,109.1868171,143.4825411,173.7802894,223.7392911,154.6180324,275.2823302,131.328716,136.0141608,114.4281956,92.87792347,191.963716,129.9019998,228.0360538,122.1655646,206.688616,94.82235537,185.326187,198.3526282,143.3118542,185.2669465,149.7725498,152.0264401,224.4310475,257.1365332,228.4129117,198.2177249,159.5705941,14.38197647,227.7995574,302.2659633,210.3590127,126.3261938,293.4798741,122.2245138,143.9330289,123.1489398,157.7306138,100.2150496,176.1368858,250.7652304,234.6422245,101.3864191,252.2527412,20.79271807,24.81702574,111.4526658,206.8464671,17.75657042,22.8235438,230.8476249
24,773.5579003,449.7006639,778.9638582,634.4664695,779.089639,27.38470282,30.30883916,622.3843815,614.7834645,659.342678,581.0648985,614.9253873,47.28227211,428.1912911,670.3356829,787.1199384,36.51682827,117.12948,695.1430041,141.0598788,792.66132,147.455603,163.1629036,651.1724374,182.9225466,144.3533081,661.7731979,759.6565005,745.7177521,558.2794635,797.796165,609.0205033,749.3184926,511.5428626,322.4982199,761.0085206,635.0965624,770.6994673,413.945667,756.6699005,765.417243,170.6116986,749.2542627,635.5241147,727.4607329,638.8716359,496.2632275,763.6173999,502.2359574,780.5322754,732.9963282,774.1134499,777.0647458,27.59479889,630.3221878,738.7323863,589.5647752,642.2444088,676.8407744,186.1717893,753.4590548,777.0100925,780.8501108,719.4047722,637.7854544,760.7942487,688.9162921,77.44115249,617.5313148,19.24424144,36.27409547,752.1486795,604.7322575,32.47050218,31.4785356,662.7354741
25,773.5579003,449.7006639,778.9638582,656.0079992,779.089639,40.65143514,54.29564206,622.3843815,614.7834645,659.342678,555.0745229,614.9253873,68.67630861,605.3251266,670.3356829,787.1199384,35.92704966,145.2246947,695.1430041,125.6779774,792.66132,177.3246512,203.8863699,651.1724374,177.4832139,158.2043947,661.7731979,759.6565005,745.7177521,558.2794635,797.796165,609.0205033,749.3184926,593.3349106,311.7762147,761.0085206,635.0965624,770.6994673,413.945667,756.6699005,765.417243,205.0174466,749.2542627,635.5241147,727.4607329,638.8716359,618.7821927,763.6173999,502.2359574,780.5322754,732.9963282,774.1134499,777.0647458,49.43081444,630.3221878,738.7323863,589.5647752,642.2444088,676.8407744,211.9691118,753.4590548,777.0100925,780.8501108,719.4047722,637.7854544,760.7942487,688.9162921,126.734236,617.5313148,44.64019742,48.05206557,752.1486795,604.7322575,33.67450312,40.49421972,662.7354741
26,144.9201629,86.4180085,78.34342271,101.205074,97.77727809,120.0934349,23.85299001,109.5095167,98.88522805,114.9685394,133.5179429,131.2952644,110.5918888,83.43939366,116.6359984,108.2704481,22.08775027,99.56505635,115.4899328,104.230458,86.13338865,105.8020466,129.0424261,118.9392972,107.842893,76.70058631,107.1060314,125.9627091,104.0594701,138.2423905,86.92577142,97.30109304,121.7732704,97.95877392,121.5655912,111.1082003,121.1098551,86.93173844,102.8984012,119.130328,96.06183619,230.578436,94.49231576,109.2580683,134.5405178,108.7023455,120.0520685,105.4717279,94.39176261,105.2024394,90.37446735,115.5216102,87.9312805,17.38297565,109.4755371,102.7401239,96.39486051,121.0532645,110.9195153,125.0466733,81.99889046,99.42577521,120.8736586,94.7161848,86.00294129,107.3800479,118.7530547,112.6555714,90.69946579,18.39783081,16.1363034,87.13835222,89.23463714,8.305737299,25.10441316,117.9376544
27,129.153909,184.8859625,139.0132226,119.6599089,122.3073601,28.94981825,17.72359704,196.2696607,211.0313158,163.2109574,62.66548155,162.3700292,233.6767861,147.9200042,204.6179219,158.3802654,32.58007462,116.3913641,119.4385045,50.68211532,84.15567884,113.3217634,133.9673037,161.6366221,143.4143889,67.87541518,116.1020475,162.4180925,201.5394349,105.3997961,122.0280265,165.9854255,154.1558038,162.602967,105.9123788,95.0334918,143.89102,115.990367,345.1928666,111.3663557,142.4537993,111.9538019,124.1583948,156.4258329,158.9622565,123.6808682,162.1060759,137.0674997,202.2112365,130.6846377,132.3984733,124.0991559,125.0630722,32.67808485,168.4689966,113.2135584,115.2801294,856.2421181,142.1515319,111.5860785,126.5068147,111.8726178,125.6951432,117.2756645,173.7503291,133.5945017,193.6583509,90.49743372,118.6289915,29.26952885,27.4658659,117.0551209,162.3189111,24.88989557,42.70564549,165.4185606
28,412.2832757,410.0689349,511.7000977,261.9383357,291.4382815,28.49703289,29.10384713,406.8643541,436.9198569,240.1977811,57.78879754,369.3653083,29.68595192,139.4632112,440.2921256,96.64136435,43.43692989,101.557064,258.3495455,113.0801698,268.8813761,65.2731675,72.66664231,158.9101247,131.4132817,108.8647261,207.6584181,133.5461084,151.7446315,561.9575738,307.3780769,362.0506785,178.3561498,150.9712063,124.845402,222.4183301,338.8738376,216.3666819,387.2279817,281.1095431,437.5259146,109.3631157,412.5846172,374.7592672,155.75868,384.2095579,150.0432452,232.7880104,397.7721594,456.9520694,402.7781816,354.334124,310.2596516,30.9794488,475.8566503,529.9312945,365.8085841,163.0852884,514.8279865,91.5905606,260.1897631,219.7179057,322.9614007,193.534009,480.9516665,504.1733058,486.7462966,59.33022126,476.1675438,31.85964594,25.42324335,235.5780637,491.6721177,22.43181171,36.88061914,457.3129973
29,934.2397428,275.4430721,910.1917742,271.4901339,266.2277494,18.18152814,25.34272818,831.0364078,401.5664763,195.7474938,35.90113987,847.8970045,743.591407,187.976736,863.3901783,323.9359339,24.96682169,86.18373561,878.2511429,115.8996504,277.4089208,120.9960931,98.66094808,114.2417884,97.12381796,114.9058142,154.6154055,136.0291294,184.8867788,781.5525932,952.173073,829.8345104,448.3397033,194.2339893,122.8186036,192.0136039,811.071647,182.8530851,752.8134638,207.4889385,882.6565734,171.1554805,882.1496769,818.386853,183.3929833,835.7456331,189.5196457,896.1139326,762.1028085,888.8666488,901.1270703,929.7499514,386.0363751,24.93393755,840.1250575,423.5709359,335.4062816,801.116168,866.8097554,130.1469991,322.0312281,180.4312422,918.5408414,125.9700553,848.8361068,874.8351739,838.8637611,104.4474416,835.8521645,21.27736558,27.26467281,326.424621,828.8135974,12.69151168,13.61940827,823.2690185
30,631.2811446,404.0609418,224.5320282,231.0889151,260.5426709,99.28997446,66.12024875,483.3577987,495.517021,262.4460628,160.5508187,477.4854219,108.5206199,233.952288,263.7884731,196.4945738,83.8136214,199.1404791,189.2980649,250.1156949,187.3968261,181.6695305,192.9100671,284.4233896,214.76399,188.8443393,172.7674302,271.9208015,688.6146798,305.8743626,221.7846338,424.8958346,277.6316407,245.0268435,167.0647792,203.0246314,187.0070494,197.194882,212.8633519,213.7813563,223.4719398,276.2859896,230.3856833,190.9962362,282.0338777,223.9520011,267.9191243,240.5268447,253.2881972,197.4632585,215.2323756,219.0916278,227.890702,96.87378358,360.0426611,246.3480917,193.2177333,312.8961507,286.1367004,196.2623681,185.0146195,204.1871728,237.769582,220.3091276,284.1985345,232.6140488,299.476952,174.5703466,315.1816009,85.35024331,69.43138911,188.3922731,273.2320754,98.70184795,83.58609743,308.4599075
31,181.1269192,246.8784084,181.1326909,145.3453647,154.8468272,19.56741378,22.25346528,786.5155224,290.1232304,219.6350122,52.84073834,349.6730436,31.06692455,186.628422,226.1760753,343.1620971,29.96088714,113.4364219,153.6745939,143.9477151,114.070093,141.6532649,139.5122744,210.8374683,107.023423,129.9952827,173.2012115,231.2118237,852.2604651,272.9708357,146.773162,322.5207914,613.5347751,195.6944514,129.7896695,130.8854112,199.0084266,152.1207034,239.3044302,131.3627328,207.3138557,155.1713944,171.5320315,205.4172812,223.1417767,159.3947893,215.6133937,165.3691528,240.321985,158.9147367,168.6704676,137.930579,154.4010962,26.06107007,231.9095558,178.9081001,98.38666807,772.9056633,340.2501846,155.9981834,162.4776692,146.2561613,146.6391379,129.8330354,271.0843461,161.2966021,222.8894575,104.3622058,222.1862967,22.05248952,19.98240805,139.8296307,204.8531216,6.615312032,32.65717626,195.301873
32,172.2753726,147.7035751,146.9949523,159.7568245,129.7287856,162.0692102,30.35454203,165.8397789,130.2632498,154.8829325,68.75565309,158.0683468,163.9614625,147.6001783,166.3287009,134.6336694,29.97778338,141.9386942,145.2592056,152.2335982,151.2940452,147.1358881,159.1015804,146.310716,110.3403528,105.8207163,166.1920235,162.1244733,149.875111,174.9575713,124.1932877,129.5963198,147.3664555,140.5301401,151.456251,161.7922308,156.0636812,142.7952075,149.6019365,177.2683937,154.2008972,269.854941,114.4211079,152.7590034,187.0017524,145.6157259,164.715825,149.9592305,137.8728027,151.7335693,148.9104719,157.2287954,144.6250955,32.86604812,134.5250093,158.1381224,121.0043825,177.3946813,157.8516885,176.0218781,119.2421461,146.8635657,164.7429917,153.6524633,128.8640959,161.4004075,172.6371983,153.8630067,122.4115801,15.83108069,23.73134776,142.7273023,144.1923331,30.10340639,38.20381542,165.7196475
33,908.6903291,476.1118561,954.6380799,234.4519611,287.8928448,89.73594121,85.90645095,536.1231412,761.7166923,189.9458942,62.8567261,887.4141382,738.7122835,187.3394938,919.4173749,144.5538328,70.85617188,139.3135008,472.6077685,147.6414362,262.4086263,229.2492169,187.8034746,207.986362,98.65152014,138.6306551,197.828681,328.0054434,370.3837861,845.5107727,288.9563774,851.5108815,166.0511021,204.27724,155.9573711,197.2474311,885.4887017,220.1083197,174.8781246,232.2368951,961.5094691,182.1314573,940.1757627,874.4700706,309.8492289,264.4435641,240.3518822,285.8827764,344.3849289,937.3674306,945.8009328,457.6573019,285.8383401,80.41024444,878.8617235,927.2441346,390.8069212,256.6467601,920.0333085,164.8589872,302.6597853,231.8666015,424.4589482,192.8198212,902.1595825,936.8468014,889.0859267,142.6261129,645.897919,89.29958732,100.3223085,173.4460372,850.6416107,87.48628054,88.21791117,863.3946106
34,833.4822705,811.4517715,954.6380799,442.7757472,956.0390278,30.88757308,37.91194181,826.3018428,761.7166923,886.687754,336.1525086,887.4141382,738.7122835,159.7610863,919.4173749,947.9159059,32.78741591,120.0564452,909.5557651,142.6870609,968.4276935,136.1124984,160.2022583,877.5986306,128.7175277,210.0553213,936.7959915,893.6043744,905.8436002,119.0988093,941.1711922,851.5108815,869.1387762,169.6129024,411.4097708,956.619653,885.4887017,962.8211914,757.5921385,949.0186655,961.5094691,934.1236627,940.1757627,874.4700706,905.2468792,879.0800171,176.6896626,954.3355977,260.2050455,937.3674306,945.8009328,914.7281622,957.3915477,32.96147083,878.8617235,927.2441346,791.0625082,856.2421181,920.0333085,377.5176306,938.7809489,960.9296234,967.692419,916.1763531,902.1595825,936.8468014,889.0859267,114.4633592,858.0981474,31.22780337,32.44748724,910.7125846,306.1894767,26.85355677,37.08417084,212.4957805
35,132.6561634,89.15979054,71.81909896,97.50641889,76.15305188,79.83514205,16.41508692,93.03154146,96.39370724,102.429652,44.27331078,124.2840614,107.1035441,84.00334965,101.3012205,72.18993964,15.86953519,109.8978848,112.9671944,95.70664436,69.0707462,110.1958509,125.9355279,94.72129964,75.91919835,74.13235092,93.79040314,102.2858538,89.74424805,108.4787537,65.4953344,84.58417866,118.3306231,87.06529462,102.0554901,88.34681502,103.7368256,78.00410898,121.7065136,98.76400415,113.9565982,217.278183,80.78915985,99.47958591,112.6516084,75.50976719,101.7210178,104.0030583,48.12802952,104.0754344,75.95979486,113.3913139,87.06773404,15.88281205,109.7138864,101.6851732,82.22690469,107.7096628,97.42476074,107.5284029,64.88073323,68.72451942,99.64518181,90.3806298,76.57123372,103.0361928,115.5626212,107.2486421,81.61156011,11.88655566,15.37774321,108.4876258,61.6727819,17.07966243,12.19326783,100.083668
36,143.943217,211.3549914,161.8009044,122.3405664,77.42769937,20.43168538,20.17226409,198.9271594,216.5952628,177.4037298,54.19718686,174.3090267,38.5890396,172.2658525,179.6481943,91.05216874,26.44596205,116.7141277,138.247746,170.9631701,120.1033945,162.5271289,82.3324785,159.8301763,108.0408499,139.5646822,129.3920102,173.165333,245.661894,150.3725267,131.9379221,217.8612857,178.6744186,163.1687415,147.1026615,91.69125819,164.7142911,93.4046955,193.2769066,129.0019119,157.3568646,117.9794434,116.8703766,172.6668682,215.3624348,140.1131226,184.9391876,151.6447306,255.9240625,155.6457674,148.6541606,127.0223033,122.9440747,16.05109279,181.2669051,122.5070056,141.7564047,144.8227524,159.6656008,131.1071489,116.1531094,113.4427184,131.7986855,130.085444,143.4002134,156.1422571,201.56628,114.4919996,165.3326906,24.87405738,24.86141322,109.4131389,195.289499,29.3363625,26.04327139,173.9443248
37,164.21446,221.3757206,181.1672147,193.1288119,352.1509173,25.04675628,26.6360847,262.1140388,247.4710627,215.982339,44.63821698,199.442421,525.5981196,197.7242743,876.038225,669.8406382,28.52990786,126.5562281,123.6645568,166.9907922,112.0330636,174.9540092,167.239956,164.8214647,568.7338686,152.2781808,147.6377699,214.9673532,266.455981,272.8332206,140.1052268,188.2856481,210.906471,192.6515692,128.6974681,114.4465006,174.1431921,135.2392779,379.0369207,121.0968166,174.8159489,143.0288778,138.1808957,186.4165147,247.3368396,146.9591676,205.7606714,159.0635134,259.9316478,176.6762277,166.9120922,149.3011968,267.2953452,19.33347913,217.9088389,126.1704951,135.1239379,823.7406933,190.7349528,159.9357635,166.8889383,154.7250477,149.2260429,139.9328669,208.0797747,169.3288581,875.4353704,168.1634208,207.3831885,24.10244665,25.20236396,124.1550551,204.1943897,20.04746409,24.80432482,197.1017978
38,140.5476814,183.5718563,144.535374,100.1634668,109.0756421,35.32534842,30.69109524,200.390667,187.3811393,172.6247952,46.85829687,167.0475664,167.2719527,121.1085386,139.9156901,80.33789355,41.22401045,83.65853229,112.8937001,112.0884887,82.19210619,92.9039332,101.0880421,136.8864393,111.5978677,136.23342,105.9515041,233.4729049,213.6683134,203.5656806,142.9682831,139.9529784,172.0515354,123.430862,140.2888483,97.17579851,116.2655283,69.40350823,178.4809869,110.2549123,148.8641342,132.8494873,93.58720022,138.7445156,194.3065334,119.488495,127.0299861,128.407582,197.9967662,129.1188964,123.2916961,117.5488431,121.3855034,34.62701369,183.1804905,103.6155707,98.69690423,137.9475997,160.1056733,100.9709431,121.3085092,92.94387466,107.9538864,167.899437,158.4808777,127.0905945,144.792469,103.7145779,158.6638817,37.73931621,30.47208053,96.89445464,168.7719142,31.56971409,28.00871212,146.4697328
39,191.403876,253.9681819,182.380542,153.8370274,194.8552458,44.36173487,37.23980414,253.0244321,240.0185134,448.5195825,72.45549905,202.7598249,187.5794897,158.0094837,207.9523957,819.6783927,40.57560638,118.743006,138.6086278,126.603268,127.7462002,112.9650678,137.9955639,230.9694173,156.4285837,142.0027889,97.63117101,211.5552955,302.1796603,264.937849,148.477942,232.2924108,235.4641304,178.6398198,140.0637423,135.4270788,168.5307825,136.974414,206.2135234,150.358421,207.8869302,177.851072,196.4037378,170.6909771,150.97993,140.5330074,151.7977589,179.2701468,315.0527276,160.8020943,158.1402107,154.4280955,171.0430797,43.95138302,237.003458,147.86448,204.506748,653.2743761,189.8687172,180.2510613,138.1446134,132.0288072,152.0131489,155.7130393,181.9783307,167.6665846,202.5900153,120.0313009,240.6074147,38.66736721,43.00669792,126.1246068,223.2990845,37.73152285,34.00043335,227.0190935
40,223.6937586,322.7951956,254.6723529,203.5952104,224.6737138,109.4436946,107.1650729,225.0348416,209.5340937,212.4851241,80.2868436,212.4303315,266.1460658,199.3260214,273.3782091,155.5942634,93.93237265,166.2366807,194.2718102,197.6838166,173.4872649,229.9561451,238.2334895,245.1094067,160.351003,213.3420862,181.4361338,339.1310188,440.6077332,327.6908744,197.5243614,173.4904478,223.1686532,215.4317771,181.9770509,183.6327026,256.7780375,195.3919952,230.2819718,207.7948502,304.4091477,211.2708866,222.5978552,241.925734,332.7109275,206.7239182,243.2965569,233.1759032,245.613623,219.8431144,226.2166431,208.5369777,201.3043102,104.2626214,214.4135773,194.5894629,249.8206785,264.4368654,249.8829713,209.3202908,219.4241565,181.9667679,192.3246401,210.69973,322.326378,236.7659708,250.7304173,167.75561,239.8374804,107.25766,112.7964792,163.3395186,260.6829193,96.07853395,108.8815851,278.6821349
41,217.5306238,299.8532299,243.0884506,164.4386995,213.3028513,100.3023907,99.44896152,253.2558534,176.8867555,212.1973954,87.49726852,205.033712,258.0356845,216.8842338,282.0530289,170.0811453,84.49779702,170.1515395,178.7938906,189.4156644,175.0111933,241.5426736,218.8534088,225.0285193,158.2277624,185.5030915,189.5510545,315.9054094,372.9227291,845.5107727,332.6080236,171.2227882,350.7295276,221.2101023,176.3580142,183.1038954,254.7155553,198.1992669,199.9281533,213.3995531,290.2210499,217.0461916,203.7613261,241.8483994,333.5570567,190.4573963,244.1637808,364.9771389,364.7460058,937.3674306,945.8009328,482.1787667,218.2348553,96.24475454,222.4973344,211.2531208,249.8206785,856.2421181,278.8078043,213.5429853,364.1722164,194.9543837,204.4802087,201.0700219,310.2018954,936.8468014,266.767683,167.8299048,222.3841953,100.3888116,101.6432873,243.9164898,407.0221273,92.39765895,105.0730139,274.0832126
42,184.1925547,118.1885626,125.2586291,165.3386243,109.1497498,130.0593483,32.04336024,141.4417319,142.0114521,148.7743644,147.5346517,167.9429724,150.9646197,140.4519776,156.8890752,133.9755207,30.60160373,145.9912862,158.6281341,148.7375703,94.50428753,140.3578319,174.1312044,154.6100231,126.4723169,122.5586069,149.7444226,166.364711,152.591737,173.041915,140.7529283,126.1198614,160.2086966,133.0470739,168.9583699,117.8710914,160.7167273,129.8579187,148.0153402,156.633891,141.421012,261.3627197,91.87645676,142.7009323,175.5655879,141.3770275,164.7443104,146.4142825,114.6927504,141.7427271,123.8306628,160.5931369,132.2704588,29.57223932,154.7508547,145.4496284,139.6519263,162.701829,146.860539,162.0303079,96.78168577,134.7635478,150.3246278,138.2486634,136.7842932,135.6598798,159.9478648,158.0023718,136.0162171,25.58107153,24.43786193,133.5390212,122.9288207,19.41083951,29.07889979,135.6007812
43,773.5579003,449.7006639,778.9638582,538.7928379,779.089639,-12.02672883,6.970802463,622.3843815,614.7834645,659.342678,491.723922,614.9253873,13.54948904,394.0742979,670.3356829,787.1199384,-1.221890241,68.7511197,695.1430041,111.3724007,792.66132,113.5239489,128.8374855,651.1724374,132.5503632,106.4680374,661.7731979,759.6565005,745.7177521,558.2794635,797.796165,609.0205033,749.3184926,380.079307,268.3234891,761.0085206,635.0965624,770.6994673,413.945667,756.6699005,765.417243,158.0048525,749.2542627,635.5241147,727.4607329,638.8716359,376.383357,763.6173999,502.2359574,780.5322754,732.9963282,774.1134499,777.0647458,7.933316394,630.3221878,738.7323863,589.5647752,642.2444088,676.8407744,145.9770398,753.4590548,777.0100925,780.8501108,719.4047722,637.7854544,760.7942487,688.9162921,76.06590513,617.5313148,-0.161229086,3.844133879,752.1486795,604.7322575,10.06154649,11.76771322,499.6135501
44,157.552903,239.0760668,182.4615197,148.809077,153.4848121,23.65396802,31.0678043,254.1592913,284.954946,228.0225929,59.90883115,206.0607132,28.04591348,178.3867793,231.0441007,160.786531,23.38853501,131.4839376,147.1320929,158.8241547,129.1679696,203.2713836,142.1857962,184.7799577,135.9481422,151.1830337,144.2829078,236.2810491,241.6278051,265.4956282,158.902847,229.7998596,213.3700129,193.4717797,137.0080574,133.7934598,172.3768873,134.5855493,349.6248042,152.072054,189.7585602,146.4453385,140.5771418,157.8605006,267.5363102,86.78280919,195.8185952,164.2758652,269.3725342,170.9291747,154.2428685,131.9129202,156.2714219,26.74382532,228.1018621,154.0602154,138.8113721,797.7559174,190.7483377,158.8922594,123.7651053,143.6018202,139.4331916,159.6985038,208.8352309,181.6186776,202.478524,105.5934518,217.5199081,22.9829435,24.82383732,119.9539135,220.8013803,20.39289034,17.74793715,195.3203029
45,165.5638436,226.8150521,160.684398,155.5023619,154.2325955,11.58514274,27.41023958,227.6482474,238.9753946,187.3961786,52.40784579,203.2967179,649.7465819,167.5200622,848.4755777,215.8666447,20.52253201,118.5315374,129.8495612,143.1538716,105.7224968,157.5199145,171.6163936,192.4125177,377.9839843,150.5858477,155.1714014,226.2776419,346.4293322,311.7063307,146.5836911,183.266402,242.9816202,183.1061951,143.06923,117.6999184,171.6385127,137.8303816,767.6047698,134.4870335,243.0495089,156.7053134,155.3958647,155.301312,258.680495,159.3060573,189.5143624,167.3710125,276.5153174,435.6624013,887.3372868,146.0863174,166.0421785,20.01303767,207.1077557,146.9539063,191.6063672,784.7929931,159.9016159,159.4666515,163.005298,131.1665686,132.0649176,126.8532294,193.8454661,880.5594999,842.0347194,137.2522993,190.4747098,30.40524713,14.85127559,113.3311392,230.3739192,25.87062333,26.40888095,189.8768154
46,212.143039,245.3679078,192.662369,184.231727,191.7974734,262.5730984,44.42097139,254.4737285,224.2694553,269.3801354,76.5392258,238.5503412,602.5777547,208.8375409,734.1847582,818.536349,27.73238233,155.3161886,164.6554663,161.3166988,142.9249825,153.0505881,168.7695096,208.2877887,632.8583513,132.994575,117.6827172,223.3215988,220.4333579,297.1151433,155.4951963,218.7687179,216.0096325,197.7142189,143.9488319,125.544125,159.6772188,156.6954928,574.1174564,136.9216565,187.8055495,183.4632258,153.2079698,156.2229621,185.9758279,157.1451329,198.1139779,152.4928921,269.5489775,182.4933965,138.0225016,172.4092664,213.0868552,26.41178879,254.9633753,149.1190087,172.6798697,727.3966151,204.7145117,167.0069161,153.4159477,154.8288183,169.9082333,164.1953535,181.6796666,160.8553911,713.7065437,123.9377617,179.4482115,28.35217866,45.03259021,136.084447,244.0192848,31.68564202,33.99683905,241.8411922
47,712.8169692,419.4988345,910.1917742,434.9498841,923.711307,29.31564926,32.7743017,831.0364078,492.9180433,850.4548373,322.6160424,847.8970045,743.591407,136.3559353,863.3901783,905.2717443,23.6369842,124.1218325,878.2511429,120.8018267,926.4713589,105.566598,154.8307764,820.4762688,134.4477285,188.2861123,848.8687321,844.2657257,832.0480818,781.5525932,881.2345133,829.8345104,759.2755929,152.5301013,867.5105108,928.6574161,811.071647,925.4267552,752.8134638,887.7286292,882.6565734,894.3785273,882.1496769,818.386853,830.5439994,835.7456331,147.183676,896.1139326,243.4472597,888.8666488,901.1270703,929.7499514,923.1052338,22.16060907,840.1250575,389.9533976,678.9073218,801.116168,866.8097554,909.4722956,287.0984506,918.1731386,918.5408414,271.3957272,848.8361068,874.8351739,838.8637611,115.2021721,835.8521645,27.31551717,27.45243408,887.8536246,828.8135974,16.30670471,21.97031796,166.2338593
48,146.8998881,206.5615338,169.0874512,122.4101844,120.5420664,15.80767692,19.95391003,813.3896235,256.3676449,182.5676579,47.13000527,273.9927037,24.37041497,158.1867029,179.0525918,90.82475843,17.5424506,118.6558912,118.7567679,137.5696497,113.7177265,181.291948,85.7292707,152.6483908,98.85172529,124.1237259,125.0146491,206.3612487,541.9194759,246.5563,150.510439,289.5196724,193.4050617,168.6695497,116.8585766,107.3544143,147.9881772,115.9203268,175.4101826,138.555827,165.6552461,152.3435394,126.8117235,133.0164438,233.8167547,96.87386794,169.440169,137.3881275,247.6492602,160.351676,114.2689724,118.5601215,135.6496305,19.96462755,211.8736836,151.4321457,141.6992525,156.17841,166.3650597,135.3861051,93.96512728,128.8643771,121.2059424,132.1761238,173.7835903,155.538465,160.3686271,103.5108192,195.6790318,17.6462632,19.25831491,101.1612542,193.435769,17.13975833,9.21515824,178.2849992
49,184.902937,250.9967445,316.3061003,407.798402,880.3750172,5.664821955,10.39614378,782.3685054,744.8483949,829.1155122,256.7807507,830.7306502,698.9787007,95.41328305,830.7110995,887.8623937,11.26889595,57.85203637,835.5000827,84.93487906,906.0406148,46.33761342,65.268587,257.0544156,79.63221133,131.651915,867.482305,828.3514272,817.3586671,370.1509251,200.1024279,813.5261925,821.4992026,99.04527205,839.5552856,897.4143865,807.6848242,896.8997474,722.2838056,871.6290496,863.98413,530.0682251,861.5378384,795.3465871,809.3958516,829.6430474,96.54996164,245.5747951,139.9844432,473.1320404,469.4914376,211.2260007,628.1676974,9.398013013,813.3069951,854.796346,471.9255909,215.9424301,841.6162723,277.7019654,331.1097719,894.5445161,894.6306048,836.2335995,824.732117,587.4550155,828.185226,60.33156013,564.5691136,12.32292972,7.145043481,809.5740429,800.032488,8.668273149,12.96956224,112.6006952
50,293.4916045,361.4881423,223.4316755,212.8284593,252.9585474,78.52498611,60.03457568,491.4117815,473.2291628,266.9320462,160.3429419,470.019305,101.3152981,237.7155908,233.8472014,193.594004,72.91454069,188.1534933,184.7645907,200.858089,184.6127481,193.6380852,182.8397018,263.5540362,215.1016733,162.4798554,149.347926,240.3802652,742.44473,299.9058134,214.7345888,452.5612039,272.7761126,233.9022527,149.817882,197.3861956,159.1725084,176.2560029,168.2814969,181.3719084,206.6875105,257.9057887,230.8110571,166.0694704,276.5254113,210.8383494,244.046681,207.5773989,266.6630667,201.0983933,206.196005,211.4662993,189.8194599,80.77508839,393.4867059,224.1640449,191.3472063,285.7029493,284.9658178,187.0493515,154.4755396,211.2247522,243.7650566,199.9125697,247.5213073,191.124651,267.5006072,158.3570218,269.4068031,91.12482283,60.83554501,187.0368765,261.7034148,86.92233877,78.23560991,299.9193756
51,842.5980162,107.9132169,56.75709839,57.50991627,49.5450352,37.25717207,-19.96900355,736.5792311,149.1660755,153.9438057,24.80102792,700.5263065,595.4304024,72.25985193,104.4520024,69.59637352,-51.70510314,45.97781781,74.4710965,44.97739144,15.2525137,69.30850504,63.52764368,141.8407079,45.14284377,19.31377861,-18.87697494,137.4421025,773.9979458,187.3454221,110.9201587,661.2257703,111.5978192,67.60547776,50.88593074,30.68454255,72.85657218,51.31716505,131.7733099,53.02286894,78.82919517,80.81202391,63.69459005,43.18650768,109.3125238,57.40830711,84.3636853,65.19500394,111.3784427,99.82985431,57.95466084,60.7740374,70.05718341,-58.17716204,148.9039078,11.42520858,73.6901832,105.0532786,71.64640998,64.71819378,62.85074132,11.34652932,36.69111029,49.64735544,78.00126438,101.9480343,116.130636,44.82396698,73.17300166,-56.28726071,-28.41560683,63.54326663,78.94744714,-36.30579681,-40.63600762,116.2536022
52,370.8769883,292.7847872,205.0223087,156.9758693,215.9005391,270.1770677,49.72830978,734.9179335,277.7866023,251.0666486,96.2291887,773.2460574,46.88289808,170.0113087,186.0719881,174.6377367,48.34389247,176.3939881,207.0068609,151.7123713,145.7377556,134.8110728,184.4131778,287.024767,187.0450305,164.7758549,118.928437,295.4075278,771.8835023,298.2244958,196.1620356,728.766093,217.7144812,190.9686499,146.4153795,167.5493112,171.2638436,161.8891102,192.0657276,177.6248003,253.8311683,157.8469996,211.5218024,169.6887665,196.2800464,183.2614783,160.1841201,185.3080933,298.9524779,208.3861777,167.8367051,184.2992,194.250387,58.47215283,227.83691,154.4266693,227.9414132,190.0854876,205.829125,157.2776297,171.7893314,176.9501365,202.898616,169.3153098,233.9633482,204.0697305,221.496835,136.7774106,205.4924017,49.5188336,153.1672226,153.3518796,236.8309672,48.70134274,44.47437807,253.1848786
53,179.6260483,233.5516012,180.8369452,121.6972576,168.2244428,25.21389446,19.66145294,212.3874099,203.2818352,277.487061,46.08386652,202.8275742,147.15151,145.5506269,175.412729,819.6783927,26.09639126,93.21132955,110.2510486,115.6669977,140.1846397,65.39165943,100.4223123,169.2800298,117.6670799,104.7162112,77.74384494,191.9798142,262.373334,235.5882437,127.8169877,179.8927769,230.8855478,156.0983552,110.8007604,119.1850082,158.5518441,99.84225458,170.9272148,142.7647899,151.2151202,147.7686558,150.0753213,159.3262741,138.1328394,157.5473346,146.937592,157.0803672,282.8079036,146.8735616,144.2025588,102.4150997,131.486891,31.82734388,204.159546,124.4160554,182.7810846,653.2743761,158.2286285,127.7935034,111.054277,118.719875,149.4717467,138.5422371,159.6382952,167.1506801,201.2339329,97.01553849,178.8701199,28.57610652,34.76673727,117.5149333,213.5029212,17.56764874,14.88743109,207.6156346
54,78.26486317,119.9454213,77.98057013,49.06592719,64.90104345,-6.744088386,-4.377146096,129.2863115,108.1267935,95.23640827,9.85927532,101.2488042,136.5737934,88.04235576,104.6012879,39.11429478,-7.813894147,70.72613044,60.22957972,64.20520812,38.99382694,65.47470076,41.62397377,91.22247147,65.66996493,70.67768266,59.92718636,112.2153779,159.821474,140.5040741,63.45806131,90.34252892,121.8471616,87.00030573,50.75428829,51.90932933,71.0242723,40.74414491,115.7580258,57.5795393,77.48869583,73.55268996,67.75606741,85.33460252,101.2835934,63.11948262,89.89175152,73.40044839,116.7839981,84.98702885,83.95204095,49.71988632,58.17088437,-6.21240662,111.2801231,59.17494609,44.70528769,89.18507843,102.6519166,75.17749561,81.80382959,81.3803457,71.76670938,57.95124304,110.6860534,82.28278822,107.8314763,63.33184992,94.64377109,-7.272268647,-12.13134125,78.69207498,96.96474507,-3.894894244,-3.851848131,102.0131325
55,165.9296084,105.1198971,144.5263473,130.1304425,146.9827307,317.2200495,72.38581345,113.336153,47.29251432,131.6760097,64.59385245,164.4090104,36.74169487,126.3743543,178.5544973,261.8067036,63.66873971,116.660488,128.2337209,117.0254057,105.1064072,154.8857028,189.0103694,222.1965654,141.1138563,184.9275594,124.8762854,282.1829683,357.7830984,148.1389134,152.105497,117.718218,200.023068,130.2761485,94.34644719,138.0602518,157.8448,143.8365735,48.10519941,149.3309203,197.3603901,147.7104312,141.9085579,151.9626568,144.1282768,135.3306464,141.665797,151.7855255,45.62338179,146.2396578,146.4562284,141.536238,137.6254937,80.6787429,158.3576723,128.1609261,70.11993629,166.6685698,159.3798737,147.8057842,131.2022112,148.1494212,160.6025019,132.0799473,134.2511173,157.018096,145.6655415,152.9496274,99.26088129,76.22133835,57.00998118,138.8935251,118.3736758,69.99138915,81.55056322,145.5889737
56,131.762736,207.1744419,125.4786182,104.7848196,110.769527,3.510146124,2.197299661,188.3516927,181.5745275,168.7973398,41.07629918,168.738486,197.4197132,111.7258446,132.8209546,83.66728818,3.259597256,122.947114,121.3982389,109.6422656,88.5946715,130.6643897,108.1559573,186.0219328,100.4721079,109.3102776,93.30406124,194.3010071,244.5508009,204.1311721,106.323625,152.9330569,163.970548,138.3391786,112.5138665,80.43518353,122.9972504,109.6323545,194.3475085,103.675695,135.4969741,111.84413,112.4933894,150.2906045,161.212345,117.1723551,127.1718182,118.5722208,199.3486366,123.5626324,125.0535768,128.0331818,104.0005496,7.925556956,178.5082715,102.6203395,63.71264802,159.2631682,170.3826068,120.5467795,77.62446737,113.6659086,105.9594949,100.7247788,159.369792,138.0497147,152.4660342,88.40067214,171.7159289,3.124016448,8.756610075,115.6279505,153.6061666,5.156403851,-2.531030522,146.8201058
57,202.8055166,117.2380921,161.7652909,125.8496491,154.8995147,354.350051,77.59023301,127.0457326,56.48365376,128.7524224,60.02167476,190.899223,44.79952656,144.5251001,184.5324742,151.4802367,66.29955872,131.3218005,143.3450929,144.3933052,120.8267685,163.1255297,196.2156895,216.2324,139.1073112,176.5042051,132.722339,291.5322062,361.1914496,139.0937807,153.5075534,144.7490324,179.2674427,141.9236594,95.054589,144.647917,172.3685643,135.5141868,42.9282078,148.6763933,205.9843376,153.6055875,136.1877065,164.659878,142.7553326,145.9145287,149.3698829,153.5989907,69.11989373,130.8873591,162.992725,154.5991288,128.446978,83.41057554,150.8402903,118.6982711,68.11546739,165.1678697,169.7592048,153.4367818,143.8188871,163.6912645,185.1756743,144.2778293,145.751406,140.1419983,159.2119469,152.7075687,89.49595087,80.73152806,62.72566342,140.678176,119.3414403,68.73848774,87.68686278,142.178524
58,73.16490465,55.89908153,44.83526977,-27.9949297,42.14873941,59.39802392,-22.94345426,94.80303908,137.6403862,76.9012047,36.05506293,73.98581416,-21.21171255,12.70991126,52.49681022,58.76689311,-48.36267069,-28.83924656,2.900269278,-36.05084453,-16.15993602,-10.62810197,49.7938524,99.98322053,-23.00705419,4.008983425,-75.14999092,144.245215,152.566041,153.0822503,57.41825168,64.3676197,97.86304576,14.54739806,-4.293255922,17.57073421,26.58820916,2.195519587,49.42742564,48.32735292,86.33789315,51.00806218,48.87352041,33.11789826,70.92107704,6.33546852,37.79874638,34.1058401,77.34199786,57.94603094,14.35293676,22.46990486,29.47376176,-44.83957422,56.75535024,-6.697454253,63.5897129,55.07991497,43.51540687,48.84498823,47.17232456,21.96863099,24.00069102,14.72603737,42.56605675,63.34733898,70.8813848,10.96877523,39.96945341,-33.60747787,-36.36629194,1.745278764,-11.31655103,-17.72467878,-35.16010816,71.75953377
59,159.062104,228.5010358,175.8289966,131.9307711,148.2625018,240.4543086,29.90203104,203.4103363,205.5830667,217.6714946,58.21840809,176.6077074,561.69608,153.907282,182.8882434,112.6201793,21.35533978,120.1855263,127.7248223,117.6958046,114.4244566,130.9448373,108.3941736,173.065262,127.7410235,103.1323286,88.17126141,166.3221789,178.4011351,249.8216344,131.2628583,184.1252267,162.1969839,166.0218542,135.9352612,121.8889547,140.0370796,129.2334065,161.5336743,115.3517002,122.3297813,145.4768767,128.7582226,128.9091533,171.7697416,123.1434706,159.4026521,119.4979592,231.398958,149.819188,124.990389,143.3050815,148.5184391,23.9493144,193.011053,93.17491983,129.4682016,148.1618842,174.9775206,146.2972434,110.8537387,140.6205505,169.2535315,149.4137223,140.4843649,159.7105709,162.4859332,86.39747593,146.6733798,21.07803824,29.62573018,113.7905503,210.2373458,14.93203755,13.06220332,160.6770622
60,729.0416395,776.606848,907.4471899,473.8124225,910.4323751,16.56118929,15.34896718,786.5155224,757.8820682,845.7275306,179.1255751,864.6644849,25.47060419,188.1059419,842.426797,905.8897813,22.11310241,85.20351498,889.3289318,118.9105234,958.311844,90.26799625,140.2566279,732.4971428,131.7790497,146.423611,825.0727089,879.9225138,852.2604651,759.9988067,912.8973263,821.754079,850.3616131,187.4039059,211.6875832,862.1077182,805.0678656,923.6006747,691.3013083,898.3402013,878.1624441,133.8387012,872.5684335,786.7160104,823.7599179,815.967287,192.6209244,906.3547609,492.1701253,885.6543855,894.8925411,921.4363865,337.4649373,24.00796932,832.0777203,905.7836433,639.5329635,772.9056633,858.2747204,116.380618,884.8022884,923.8630256,916.313031,651.2952385,816.4007815,890.4025024,824.6550805,87.70063349,313.137101,16.96109322,15.69475451,854.4002629,364.8659622,10.77694856,21.77970001,207.1275591
61,107.2984016,146.2283599,99.82859387,83.34882029,91.59540076,8.976748294,8.03669674,162.8892436,157.8843072,138.7457117,36.88805225,143.1382129,125.8846303,95.14517923,115.8244352,65.12352873,16.62359624,55.40297843,79.2711506,62.7795227,54.32287621,62.35007071,81.65531897,113.3195642,83.4988518,98.35157584,76.24436442,147.201254,175.3769655,171.8181904,116.2024655,112.9496998,165.4287254,94.0607468,80.63119272,77.82651863,74.74674586,74.60810805,124.4588702,76.7250635,112.1750393,88.67716266,82.68944745,99.79795902,124.4147847,88.20941532,89.17716527,95.48880998,152.3203645,113.5196649,97.55525972,85.67278047,93.2240087,13.47304636,163.8515194,91.31061749,36.86138596,102.5220139,126.5079202,93.82571926,63.46982647,78.77800357,85.7982511,85.18400505,120.1596858,106.4037045,112.5446298,72.73755317,127.1936506,12.68942995,5.579271427,62.20133844,120.0296797,14.68503953,10.31518663,127.443405
62,157.3079517,221.7820586,178.4819045,141.2939119,157.2758766,16.84652896,19.58243034,222.8316772,263.9416435,213.6549701,46.39665379,198.1590604,283.7591512,186.0458209,378.8869609,222.5420126,24.96684504,123.9165747,131.2357012,151.0485565,117.4238738,171.2267028,169.4337487,187.4572795,213.5313232,160.1744304,138.490066,213.3553922,312.7032813,264.1846437,139.3916601,191.4149705,203.3054144,179.7645107,132.8269381,114.354819,167.915567,124.7287075,419.1728857,112.8036167,186.1759362,127.722796,149.899865,180.1169988,232.1984472,155.9745251,190.5512299,157.8859335,254.8364457,178.0217656,157.0322694,147.7804771,155.7586826,16.7389141,210.48821,169.8935117,168.1409556,823.7406933,193.4647812,155.4603867,155.4545408,145.4862207,139.386454,125.5317618,195.5970243,163.311745,301.3369683,128.3189456,207.947871,15.43045985,14.4057471,128.4075443,214.109336,11.10801791,16.14037429,185.9216936
63,136.3227269,178.5610698,127.6292772,116.2152558,110.6894519,3.164437434,15.80713492,214.4529872,179.1742955,146.1179865,42.85503758,181.4333538,186.4024928,141.4526727,138.7171949,301.1569258,-0.2706608111,94.39544635,90.99116124,119.1750784,85.07991515,126.5457363,132.4266458,138.3593067,94.14072821,111.1859184,107.5742584,160.5737481,211.0244028,392.2718716,152.8664744,141.5642119,266.4883631,144.3165478,91.00826804,97.27124074,122.8282877,115.1600493,160.1112785,101.8998911,135.9115052,116.0699024,97.603934,133.5165701,186.2325873,111.3748594,133.4611283,163.1256833,269.0998754,889.3253468,887.3372868,197.0497303,129.927372,6.228724409,146.5039876,107.3413061,99.15072594,784.7929931,131.0958141,117.0531509,162.0197521,106.6775522,117.0917549,83.48101975,160.7391415,880.5594999,160.3047891,76.77376288,127.3250775,17.69547834,5.64657813,127.6903521,220.726787,3.08087999,5.747132031,144.0823354
64,121.7315365,187.4136866,153.3961722,114.4470661,122.3835372,18.49283446,21.28920357,214.490379,204.9293197,169.9581729,50.61612078,151.1879777,172.249678,162.0237274,168.8765728,89.18267965,17.68517531,111.2157511,115.6586132,123.84557,61.31475839,124.9503334,123.1298321,156.1737528,121.3118929,113.2834494,127.7256121,151.1000753,224.4707202,210.6858708,112.8907946,158.0402854,169.4650856,147.6328789,108.052914,101.4644755,138.8778152,105.4766165,153.6008612,99.85649156,147.0067346,119.4388599,114.725081,140.3684614,159.4779415,140.2262944,165.7273497,121.7744434,213.4847024,150.8376589,134.314164,117.1773224,105.0118746,13.2095877,168.983647,93.88893744,103.7817541,135.2308729,156.9386548,123.9680981,121.297807,133.8086919,120.02198,85.41481061,162.9945785,150.683731,160.1011794,100.0035837,151.5031493,14.81711967,12.16996553,104.630642,176.8549985,19.18324603,14.08411683,164.3891587
65,139.0079028,232.8240181,156.5512057,115.0570048,137.6331474,21.01306572,27.3497882,248.0166086,274.280289,208.7576842,57.05648146,190.12915,39.32265858,171.8562156,184.536561,104.7722439,21.38697321,109.082851,135.4063592,122.0137256,111.0130885,185.349358,149.048815,195.8241475,101.144802,116.9400948,115.1529446,214.336941,233.374239,245.4482266,133.5513457,217.7761137,215.4281092,169.6175355,112.5772446,87.72431627,153.7483725,98.41505545,196.4643407,124.3298966,190.2685615,149.9632919,119.9381973,159.218533,218.7203882,87.25077981,178.8632799,128.9650065,242.691781,168.658981,122.3412202,111.1605058,121.2815369,16.31027045,205.5900096,126.4428577,120.8921569,157.2705696,169.9216304,139.5058411,108.9281045,124.2199532,133.6349383,140.9810835,176.6478781,135.4019782,199.7149425,115.6523026,187.9703797,18.8089424,19.36586037,101.6427102,186.5756681,27.94025196,18.48568609,165.3895354
66,232.5809874,299.6991944,150.912647,171.9071625,217.8764264,53.27079563,36.54326599,453.2935062,446.7839339,233.2910264,24.17570542,457.5683279,66.98173146,172.5249179,160.6712849,142.0733313,51.24341459,146.3683154,138.9979678,169.2512,136.3883616,114.7163038,118.4500337,220.6082856,156.75095,141.3626635,97.96033933,172.6687585,390.4620171,264.8729713,167.0242863,447.8332733,217.6232421,184.5727845,102.7583829,145.334368,93.14364531,136.9166669,171.4034983,121.2867953,184.091251,213.3992475,191.9442001,118.0224302,200.1636591,175.3701731,170.0306243,161.5815106,205.7005932,123.1387626,147.6901426,143.9285585,169.2699135,56.78911971,350.2866993,172.4604467,146.6589638,250.108932,236.1427106,148.4659901,104.0635595,146.4500425,185.7533742,169.4891509,197.905327,144.8725443,219.3756634,120.6609627,264.9594279,42.79927268,40.78940681,144.5156916,222.3096,59.13612006,32.78983185,238.308855
67,850.0712275,208.729323,154.8033415,125.2012411,160.5005391,170.6832777,33.82663213,734.9179335,280.2096669,240.0331163,85.44426426,773.2460574,29.51966131,161.9134842,148.7964222,824.9368463,19.01947061,99.50460881,145.8845356,115.8802693,83.08246266,135.375404,156.3705844,243.4766966,137.3781189,131.0511167,45.92130418,258.8295269,771.8835023,267.3928006,192.4530943,728.766093,205.7897229,147.76312,138.6512531,204.5679029,153.705023,104.3729518,169.3362539,369.8791133,187.0419129,789.2819242,152.7226037,127.1140466,157.139505,112.0212294,158.6758598,123.9881888,209.8048254,167.7465964,132.2281903,135.7952102,160.106686,26.77262699,214.401033,124.4963442,221.5621826,733.5259938,160.6598142,159.2185273,138.121337,126.1174663,841.1399825,133.5700156,185.5125818,185.0879877,205.7984528,134.0346096,185.7560516,33.03062889,126.8196441,103.4657777,170.401023,40.89022941,24.85819145,182.8831759
68,190.7095776,246.3014862,303.5359732,140.0889473,183.6065053,12.38409693,7.048734316,239.936957,252.1012015,206.15859,54.74317845,225.0663385,25.00944921,137.5780887,223.7858713,119.8931216,34.9901792,122.7586575,121.9632709,119.7387146,133.4377829,75.43097818,83.22489807,195.7057309,147.3681655,130.3127186,95.15825226,166.4215871,185.3378914,380.2879452,192.3598673,187.5517123,287.3930969,161.0523446,107.2252492,135.0626284,172.4646721,104.2128468,216.5665712,130.1893433,156.5654171,128.0917296,171.366679,147.0539245,143.0764294,168.0521103,149.1018867,157.7746675,440.8189773,262.7329162,262.0625637,153.5392973,172.6185338,23.37992392,233.5331431,207.9762369,241.7558298,184.2885295,202.9921065,98.83380417,156.2336995,142.3632391,167.2415805,125.3818985,284.0683413,246.868843,211.4143608,64.92572406,273.9160882,14.69908949,16.03120946,148.3628079,285.0828557,25.17961722,16.95172668,227.1208216
69,150.5658629,210.8174519,167.6342725,128.2253358,141.6619746,31.81773228,27.30370839,221.8545759,222.4510987,211.5986127,62.47879113,193.1851269,34.91528923,180.1114284,168.7477912,105.12948,28.69284216,128.7417082,142.3609872,157.9112327,117.6153713,161.5907657,97.88910873,172.2768801,137.2565911,138.8983677,142.6152293,184.5262425,216.8709243,185.3050713,123.3500761,230.9921855,178.4570304,171.4137303,122.2229387,116.0804422,156.0309492,112.9216623,197.6208797,121.4540608,159.7562547,118.5670863,130.1474695,159.4222103,170.2991706,140.0235419,186.8351816,144.8973672,273.2999105,161.0884331,141.8771948,144.9757643,122.471996,26.54958167,188.9901255,119.8118533,114.5758642,152.4273719,161.7959734,135.7371796,141.5647457,125.3714549,140.7483933,141.184651,152.2031867,155.1664857,193.5007606,118.4449599,158.3200621,34.9734582,30.39716574,120.8331815,198.694647,16.58228364,27.28863961,195.3982627
70,134.789993,202.4418289,166.2124141,127.298159,115.8235881,22.94918126,25.04075282,186.1502816,213.9536193,153.2980208,52.80459934,177.8288534,219.3642525,197.4705647,181.9246197,100.4691087,12.80437301,117.1225292,115.6113734,133.3022082,91.71713246,127.1057714,144.6128684,152.2095938,97.45472887,129.8259654,117.5052434,205.3337862,251.5886518,205.5188409,110.8081313,155.4932775,156.9954376,177.0132702,102.4834116,105.3068099,153.0576945,111.2718637,178.4561528,116.2542588,154.7845094,130.2608,125.5405041,143.8798965,193.1108364,135.9033728,169.200608,127.6789701,211.7150331,132.1278899,141.4281843,123.8874253,136.5831809,25.52163982,164.7342335,103.9528939,73.31335224,177.6481231,152.3569516,123.8076666,287.6181165,118.8744585,141.4816155,110.1128274,179.1025712,166.449165,186.5317844,112.251828,160.1295397,30.76107863,19.5252787,146.2728144,194.0663199,22.46591078,22.58266004,159.367976
71,113.9019924,150.7789639,123.4642008,121.5220331,63.34831119,13.86362628,4.257301462,189.0996841,217.1183203,141.0123028,104.6549413,212.3187633,189.4181585,93.16898798,109.6383454,79.84637074,-19.77176164,44.19107514,79.86752766,83.12611507,50.88329754,93.38265111,92.32520339,121.6758508,65.61804584,112.6770801,87.30130609,139.7036186,194.3636876,237.5342024,84.9876527,144.3118682,149.1569595,125.1140122,91.40352353,54.24902324,70.99578388,50.31763522,124.4796996,61.16799635,168.2994504,84.48101845,103.2769336,96.97171062,191.4437571,73.5063111,84.46376216,68.54028428,224.7665198,113.2635771,94.96456979,71.75934868,82.76310473,6.587154743,130.5200047,51.21070145,112.0322368,141.1111524,95.74323909,83.2700985,84.42125576,58.49298445,100.7101307,79.33547027,108.9441572,142.4436931,148.1668116,63.90286936,150.4795853,11.58607059,9.228169152,68.71492501,162.3127373,20.89924574,-8.794305164,151.1913518
72,834.3362446,284.5760165,217.3309384,190.2926118,191.8856786,57.20315524,45.48367589,713.8379947,266.4425871,268.1321973,84.6694203,652.849129,213.4951629,203.8083501,236.6719847,827.9775652,45.99455076,177.6469255,177.0804483,187.904466,141.6056258,186.1267968,170.946239,223.6530597,191.5754643,142.9749379,146.4676931,217.9246483,753.2611988,313.4425087,193.3594566,625.3146823,240.1897877,196.8177453,156.9307952,155.4243685,189.7877877,174.7490818,241.857207,164.8315111,184.4063255,167.8138018,171.5992323,224.6048734,225.7055814,190.0265424,199.4512916,184.6435968,329.6931097,178.3591851,156.6643243,199.0308304,192.2961002,35.56374767,223.2764279,166.6431319,216.7214033,629.8118073,208.9797205,168.659226,150.900181,169.851489,196.4791436,172.159906,272.6658295,191.2072908,228.6315767,148.7507527,215.193735,47.70133125,50.34371062,160.9766537,264.9266754,55.16038847,54.24822289,257.1250132
73,110.7907405,143.0814778,86.19209442,53.90449072,66.0199556,-12.3636182,-5.902568234,813.3896235,179.415745,148.7627055,34.66708939,480.0581176,4.016564238,94.46989256,110.6982407,68.96038777,-14.09256693,47.05278418,81.26981112,45.65057849,44.50601929,69.88162793,64.89806541,114.7757185,55.10598215,65.91202412,67.19835901,142.0250216,837.9464466,136.300453,75.45653635,504.2541052,120.8718142,95.10598551,68.90012019,53.25094642,86.36512686,51.7780558,130.0792823,68.74304139,96.34880546,87.69584112,59.07386717,88.02075241,105.4373038,51.13491933,87.59577787,63.23504155,158.7678509,82.7749164,45.37398751,58.23636636,76.76869658,-11.303,116.9399136,60.88113712,44.02838642,103.3301401,120.5892182,57.24812926,31.25423484,85.25054233,70.40412892,86.92681617,116.1515108,105.3351281,123.4973537,43.04572689,120.2187006,-4.725450171,-4.250465393,53.44557914,107.0342916,-5.947814779,-14.97919074,113.547349
74,143.5452034,139.311529,105.7505021,83.9057017,92.0100059,-35.91384705,-25.72976502,649.4775205,182.946716,165.2195284,27.0623206,624.649259,2.124411159,75.14539608,122.6816342,146.5338432,-23.92339892,30.73785509,65.30086661,86.21832667,23.30718693,46.74334794,50.87444414,160.9411631,52.01567448,59.64673269,-24.65621061,124.0279886,450.3438404,179.7849177,98.58855523,621.144964,160.5582779,71.50120865,49.88182987,37.99893983,67.37071102,24.09785706,135.3870517,78.27170959,84.8339938,109.8531663,77.82900246,68.20447101,89.86905452,32.04909487,75.54698832,66.01817284,138.7953318,101.7925216,73.33002882,58.52977892,86.51341037,-10.87011502,227.9244809,96.9812989,126.4033038,378.2872895,76.28274068,62.06905452,58.79333374,25.52118201,83.43495373,46.98921772,89.78502878,83.16435705,133.9783878,48.73891986,135.0959005,-14.51514584,-13.41579872,73.27616399,128.4514958,1.17121761,-14.27860364,151.97768
75,834.3362446,134.9425001,80.51749942,69.05744889,70.54923428,-39.35032601,-24.73001883,713.8379947,195.6046702,161.8630468,32.79946812,652.849129,158.4884242,108.0304388,168.4499056,108.84545,-43.9490241,63.58670882,100.7723178,80.11504689,28.33145784,108.9405809,96.37296762,192.7371061,95.18696314,70.65471869,14.27832682,164.959591,753.2611988,254.5974143,130.6533462,625.3146823,169.2963105,79.20704205,70.00099054,65.13195905,85.96353248,70.92781712,148.436061,92.57698666,107.0634408,66.25330182,110.1771786,119.1652689,148.945689,68.82587071,140.0441842,97.98218011,149.1148768,95.05194369,79.17114993,95.52105486,91.25791128,-26.78198006,174.4262491,62.78685063,154.524137,133.9075172,118.8291805,92.27529696,77.51995472,50.4976541,57.68444787,69.27170557,191.1354628,112.815782,138.7440495,73.49253985,129.4096359,-22.87517726,-22.74770013,91.62116837,109.7843643,-4.044011992,-30.18378467,172.7699392
76,144.4339174,108.0169998,151.6024523,122.5430501,152.8380231,343.229709,79.14078474,89.77669715,48.20293229,125.6388448,71.55327532,147.901311,36.26846415,138.3064548,175.1362228,129.1499809,72.52782524,123.8949208,134.4257922,131.8915799,119.6909313,125.7630102,167.0752937,231.0986517,136.6200558,179.2805087,133.7154141,294.5960355,389.4781065,70.01392951,146.1096456,112.9572087,191.7749743,138.1688698,92.27017225,150.3876196,163.6870795,145.6154469,52.82147685,149.5491005,175.8443453,138.4941944,144.131751,168.400099,123.1414055,141.1670235,140.7797399,153.6617217,60.92967727,136.8735657,155.6318972,147.4877462,138.7185202,88.42373696,152.4134331,128.3664914,64.48568919,109.9284828,149.483223,143.2215777,136.2474016,154.0735102,180.8652379,135.6640125,137.2832736,154.3289137,156.8850618,142.1331257,95.57768015,81.86702268,64.60614716,139.558075,126.1482881,80.07061533,92.73929617,139.3724958